{
    "loss": 0.21478748321533203,
    "accuracy": 0.9568345546722412
}